11 Trillion Gallons of Water Needed To End California Drought,http://rss.slashdot.org/~r/Slashdot/slashdot/~3/rB7RQhwZG08/story01.htm,"mrflash818 points out a new study which found that California can recover from its lengthy drought with a mere 11 trillion gallons of water. The volume this water would occupy (roughly 42 cubic kilometers) is half again as large as the biggest water reservoir in the U.S. A team of JPL scientists worked this out through the use of NASA's Gravity Recovery and Climate Experiment (GRACE) satellites. From the article: GRACE data reveal that, since 2011, the Sacramento and San Joaquin river basins decreased in volume by four trillion gallons of water each year (15 cubic kilometers). That's more water than California's 38 million residents use each year for domestic and municipal purposes. About two-thirds of the loss is due to depletion of groundwater beneath California's Central Valley. ... New drought maps show groundwater levels across the U.S. Southwest are in the lowest two to 10 percent since 1949.<p><div class=""share_submission"" style=""position:relative;""> <a class=""slashpop"" href=""http://twitter.com/home?status=11+Trillion+Gallons+of+Water+Needed+To+End+California+Drought%3A+http%3A%2F%2Fbit.ly%2F1xqS5i3""><img src=""http://a.fsdn.com/sd/twitter_icon_large.png""></a> <a class=""slashpop"" href=""http://www.facebook.com/sharer.php?u=http%3A%2F%2Fscience.slashdot.org%2Fstory%2F14%2F12%2F16%2F2358213%2F11-trillion-gallons-of-water-needed-to-end-california-drought%3Futm_source%3Dslashdot%26utm_medium%3Dfacebook""><img src=""http://a.fsdn.com/sd/facebook_icon_large.png""></a> <a class=""nobg"" href=""http://plus.google.com/share?url=http://science.slashdot.org/story/14/12/16/2358213/11-trillion-gallons-of-water-needed-to-end-california-drought?utm_source=slashdot&amp;utm_medium=googleplus"" onclick=""javascript:window.open(this.href,'', 'menubar=no,toolbar=no,resizable=yes,scrollbars=yes,height=600,width=600');return false;""><img src=""http://www.gstatic.com/images/icons/gplus-16.png"" alt=""Share on Google+""/></a> </div></p><p><a href=""http://science.slashdot.org/story/14/12/16/2358213/11-trillion-gallons-of-water-needed-to-end-california-drought?utm_source=rss1.0moreanon&amp;utm_medium=feed"">Read more of this story</a> at Slashdot.</p><iframe src=""http://slashdot.org/slashdot-it.pl?op=discuss&amp;id=6419485&amp;smallembed=1"" style=""height: 300px; width: 100%; border: none;""></iframe><img width='1' height='1' src='http://slashdot.feedsportal.com/c/35028/f/647410/s/4182d85d/sc/29/mf.gif' border='0'/><br clear='all'/><br/><br/><a href=""http://da.feedsportal.com/r/216364924222/u/49/f/647410/c/35028/s/4182d85d/sc/29/rc/1/rc.htm"" rel=""nofollow""><img src=""http://da.feedsportal.com/r/216364924222/u/49/f/647410/c/35028/s/4182d85d/sc/29/rc/1/rc.img"" border=""0""/></a><br/><a href=""http://da.feedsportal.com/r/216364924222/u/49/f/647410/c/35028/s/4182d85d/sc/29/rc/2/rc.htm"" rel=""nofollow""><img src=""http://da.feedsportal.com/r/216364924222/u/49/f/647410/c/35028/s/4182d85d/sc/29/rc/2/rc.img"" border=""0""/></a><br/><a href=""http://da.feedsportal.com/r/216364924222/u/49/f/647410/c/35028/s/4182d85d/sc/29/rc/3/rc.htm"" rel=""nofollow""><img src=""http://da.feedsportal.com/r/216364924222/u/49/f/647410/c/35028/s/4182d85d/sc/29/rc/3/rc.img"" border=""0""/></a><br/><br/><a href=""http://da.feedsportal.com/r/216364924222/u/49/f/647410/c/35028/s/4182d85d/sc/29/a2.htm""><img src=""http://da.feedsportal.com/r/216364924222/u/49/f/647410/c/35028/s/4182d85d/sc/29/a2.img"" border=""0""/></a><img width=""1"" height=""1"" src=""http://pi.feedsportal.com/r/216364924222/u/49/f/647410/c/35028/s/4182d85d/sc/29/a2t.img"" border=""0""/><img src=""//feeds.feedburner.com/~r/Slashdot/slashdot/~4/rB7RQhwZG08"" height=""1"" width=""1"" alt=""""/>"
A Domain Registrar Is Starting a Fiber ISP To Compete With Comcast,http://rss.slashdot.org/~r/Slashdot/slashdot/~3/nnmdPoD6YOQ/story01.htm,"Jason Koebler writes: Tucows Inc., an internet company that's been around since the early 90s &mdash; it's generally known for being in the shareware business and for registering and selling premium domain names &mdash; announced that it's becoming an internet service provider. Tucows will offer fiber internet to customers in Charlottesville, Virginia &mdash; which is served by Comcast and CenturyLink &mdash; in early 2015 and eventually wants to expand to other markets all over the country. ""Everyone who has built a well-run gigabit network has had demand exceeding their expectations,"" Elliot Noss, Tucows' CEO said. ""We think there's space in the market for businesses like us and smaller.""<p><div class=""share_submission"" style=""position:relative;""> <a class=""slashpop"" href=""http://twitter.com/home?status=A+Domain+Registrar+Is+Starting+a+Fiber+ISP+To+Compete+With+Comcast%3A+http%3A%2F%2Fbit.ly%2F1IZUvYF""><img src=""http://a.fsdn.com/sd/twitter_icon_large.png""></a> <a class=""slashpop"" href=""http://www.facebook.com/sharer.php?u=http%3A%2F%2Ftech.slashdot.org%2Fstory%2F14%2F12%2F17%2F0221227%2Fa-domain-registrar-is-starting-a-fiber-isp-to-compete-with-comcast%3Futm_source%3Dslashdot%26utm_medium%3Dfacebook""><img src=""http://a.fsdn.com/sd/facebook_icon_large.png""></a> <a class=""nobg"" href=""http://plus.google.com/share?url=http://tech.slashdot.org/story/14/12/17/0221227/a-domain-registrar-is-starting-a-fiber-isp-to-compete-with-comcast?utm_source=slashdot&amp;utm_medium=googleplus"" onclick=""javascript:window.open(this.href,'', 'menubar=no,toolbar=no,resizable=yes,scrollbars=yes,height=600,width=600');return false;""><img src=""http://www.gstatic.com/images/icons/gplus-16.png"" alt=""Share on Google+""/></a> </div></p><p><a href=""http://tech.slashdot.org/story/14/12/17/0221227/a-domain-registrar-is-starting-a-fiber-isp-to-compete-with-comcast?utm_source=rss1.0moreanon&amp;utm_medium=feed"">Read more of this story</a> at Slashdot.</p><iframe src=""http://slashdot.org/slashdot-it.pl?op=discuss&amp;id=6420173&amp;smallembed=1"" style=""height: 300px; width: 100%; border: none;""></iframe><img width='1' height='1' src='http://slashdot.feedsportal.com/c/35028/f/647410/s/41835eb6/sc/1/mf.gif' border='0'/><br clear='all'/><br/><br/><a href=""http://da.feedsportal.com/r/216364926587/u/49/f/647410/c/35028/s/41835eb6/sc/1/rc/1/rc.htm"" rel=""nofollow""><img src=""http://da.feedsportal.com/r/216364926587/u/49/f/647410/c/35028/s/41835eb6/sc/1/rc/1/rc.img"" border=""0""/></a><br/><a href=""http://da.feedsportal.com/r/216364926587/u/49/f/647410/c/35028/s/41835eb6/sc/1/rc/2/rc.htm"" rel=""nofollow""><img src=""http://da.feedsportal.com/r/216364926587/u/49/f/647410/c/35028/s/41835eb6/sc/1/rc/2/rc.img"" border=""0""/></a><br/><a href=""http://da.feedsportal.com/r/216364926587/u/49/f/647410/c/35028/s/41835eb6/sc/1/rc/3/rc.htm"" rel=""nofollow""><img src=""http://da.feedsportal.com/r/216364926587/u/49/f/647410/c/35028/s/41835eb6/sc/1/rc/3/rc.img"" border=""0""/></a><br/><br/><a href=""http://da.feedsportal.com/r/216364926587/u/49/f/647410/c/35028/s/41835eb6/sc/1/a2.htm""><img src=""http://da.feedsportal.com/r/216364926587/u/49/f/647410/c/35028/s/41835eb6/sc/1/a2.img"" border=""0""/></a><img width=""1"" height=""1"" src=""http://pi.feedsportal.com/r/216364926587/u/49/f/647410/c/35028/s/41835eb6/sc/1/a2t.img"" border=""0""/><img src=""//feeds.feedburner.com/~r/Slashdot/slashdot/~4/nnmdPoD6YOQ"" height=""1"" width=""1"" alt=""""/>"
A New Law For Superconductors,http://rss.slashdot.org/~r/Slashdot/slashdot/~3/eZhwPLObXLA/story01.htm,"TaleSlinger sends word of a newly-discovered ""mathematical relationship &mdash; between material thickness, temperature, and electrical resistance &mdash; that appears to hold in all superconductors."" The work (abstract), led by Yachin Irvy, comes out of MIT's Research Laboratory of Electronics. Researchers found that a particular superconductor (niobium nitride) didn't fit earlier models estimating the temperature at which it changes from normal conductivity to superconductivity. So the researchers conducted a series of experiments in which they held constant either thickness or &ldquo;sheet resistance,&rdquo; the material&rsquo;s resistance per unit area, while varying the other parameter; they then measured the ensuing changes in critical temperature. A clear pattern emerged: Thickness times critical temperature equaled a constant &mdash; call it A &mdash; divided by sheet resistance raised to a particular power &mdash; call it B. ... The other niobium nitride papers Ivry consulted bore out his predictions, so he began to expand to other superconductors. Each new material he investigated required him to adjust the formula&rsquo;s constants &mdash; A and B. But the general form of the equation held across results reported for roughly three dozen different superconductors.<p><div class=""share_submission"" style=""position:relative;""> <a class=""slashpop"" href=""http://twitter.com/home?status=A+New+Law+For+Superconductors%3A+http%3A%2F%2Fbit.ly%2F16sRTDP""><img src=""http://a.fsdn.com/sd/twitter_icon_large.png""></a> <a class=""slashpop"" href=""http://www.facebook.com/sharer.php?u=http%3A%2F%2Fscience.slashdot.org%2Fstory%2F14%2F12%2F17%2F130200%2Fa-new-law-for-superconductors%3Futm_source%3Dslashdot%26utm_medium%3Dfacebook""><img src=""http://a.fsdn.com/sd/facebook_icon_large.png""></a> <a class=""nobg"" href=""http://plus.google.com/share?url=http://science.slashdot.org/story/14/12/17/130200/a-new-law-for-superconductors?utm_source=slashdot&amp;utm_medium=googleplus"" onclick=""javascript:window.open(this.href,'', 'menubar=no,toolbar=no,resizable=yes,scrollbars=yes,height=600,width=600');return false;""><img src=""http://www.gstatic.com/images/icons/gplus-16.png"" alt=""Share on Google+""/></a> </div></p><p><a href=""http://science.slashdot.org/story/14/12/17/130200/a-new-law-for-superconductors?utm_source=rss1.0moreanon&amp;utm_medium=feed"">Read more of this story</a> at Slashdot.</p><iframe src=""http://slashdot.org/slashdot-it.pl?op=discuss&amp;id=6425847&amp;smallembed=1"" style=""height: 300px; width: 100%; border: none;""></iframe><img width='1' height='1' src='http://slashdot.feedsportal.com/c/35028/f/647410/s/418829aa/sc/1/mf.gif' border='0'/><br clear='all'/><br/><br/><a href=""http://da.feedsportal.com/r/216364946560/u/49/f/647410/c/35028/s/418829aa/sc/1/rc/1/rc.htm"" rel=""nofollow""><img src=""http://da.feedsportal.com/r/216364946560/u/49/f/647410/c/35028/s/418829aa/sc/1/rc/1/rc.img"" border=""0""/></a><br/><a href=""http://da.feedsportal.com/r/216364946560/u/49/f/647410/c/35028/s/418829aa/sc/1/rc/2/rc.htm"" rel=""nofollow""><img src=""http://da.feedsportal.com/r/216364946560/u/49/f/647410/c/35028/s/418829aa/sc/1/rc/2/rc.img"" border=""0""/></a><br/><a href=""http://da.feedsportal.com/r/216364946560/u/49/f/647410/c/35028/s/418829aa/sc/1/rc/3/rc.htm"" rel=""nofollow""><img src=""http://da.feedsportal.com/r/216364946560/u/49/f/647410/c/35028/s/418829aa/sc/1/rc/3/rc.img"" border=""0""/></a><br/><br/><a href=""http://da.feedsportal.com/r/216364946560/u/49/f/647410/c/35028/s/418829aa/sc/1/a2.htm""><img src=""http://da.feedsportal.com/r/216364946560/u/49/f/647410/c/35028/s/418829aa/sc/1/a2.img"" border=""0""/></a><img width=""1"" height=""1"" src=""http://pi.feedsportal.com/r/216364946560/u/49/f/647410/c/35028/s/418829aa/sc/1/a2t.img"" border=""0""/><img src=""//feeds.feedburner.com/~r/Slashdot/slashdot/~4/eZhwPLObXLA"" height=""1"" width=""1"" alt=""""/>"
A Stunning Look at the Cliffs of Comet 67P/Churyumov-Gerasimenko (Universe Today),http://news.feedzilla.com/en_us/stories/science/411278663?client_source=api&format=json,"Images from space don't get more dramatic than this. Image processing wizard
Stuart Atkinson zoomed in on one of the most intriguing views yet of Comet 67P
/Churyumov-Gerasimenko, highlighting the contrasts of dark and light, smooth
and rugged, soft contours and frighteningly vertical cliffs. The orginal
image, below, is a four-image mosaic made from images snapped […]

"
"Another Northern White Rhino Dies, Only 5 Remain (Scientific American)",http://news.feedzilla.com/en_us/stories/science/411281746?client_source=api&format=json,"And then there were five. The death by old age this past weekend of Angalifu,
a 44-year-old northern white rhino (Ceratotherium simum cottoni) that lived at
San Diego Zoo, reduces the world...


-- Read more on ScientificAmerican.com

"
Antibiotic Resistance Will Kill 300 Million People By 2050 (Scientific American),http://news.feedzilla.com/en_us/stories/science/411287623?client_source=api&format=json,"New report says pharma companies make more money from other drugs, so shy away
from new antibiotic development


-- Read more on ScientificAmerican.com

"
Apple Wins iTunes DRM Case,http://rss.slashdot.org/~r/Slashdot/slashdot/~3/uuFltN2COm0/story01.htm,"An anonymous reader sends word that Apple's iTunes DRM case has already been decided. The 8-person jury took only a few hours to decide that the features introduced in iTunes 7.0 were good for consumers and did not violate antitrust laws. Following the decision, the plaintiff's head attorney Patrick Coughlin said an appeal is already planned. He also expressed frustrations over getting two of the security features &mdash; one that checks the iTunes database, and another that checks each song on the iPod itself &mdash; lumped together with the other user-facing features in the iTunes 7.0 update, like support for movies and games. ""At least we got a chance to get it in front of the jury,"" he told reporters. ... All along, Apple's made the case that its music store, jukebox software, and hardware was simply an integrated system similar to video game consoles from Sony, Microsoft, and Nintendo. It built all those pieces to work together, and thus it would be unusual to expect any one piece from another company to work without issues, Apple's attorneys said. But more importantly, Apple offered, any the evolution of its DRM that ended up locking out competitors was absolutely necessary given deals it had with the major record companies to patch security holes.<p><div class=""share_submission"" style=""position:relative;""> <a class=""slashpop"" href=""http://twitter.com/home?status=Apple+Wins+iTunes+DRM+Case%3A+http%3A%2F%2Fbit.ly%2F1wdSFOK""><img src=""http://a.fsdn.com/sd/twitter_icon_large.png""></a> <a class=""slashpop"" href=""http://www.facebook.com/sharer.php?u=http%3A%2F%2Fapple.slashdot.org%2Fstory%2F14%2F12%2F16%2F1834213%2Fapple-wins-itunes-drm-case%3Futm_source%3Dslashdot%26utm_medium%3Dfacebook""><img src=""http://a.fsdn.com/sd/facebook_icon_large.png""></a> <a class=""nobg"" href=""http://plus.google.com/share?url=http://apple.slashdot.org/story/14/12/16/1834213/apple-wins-itunes-drm-case?utm_source=slashdot&amp;utm_medium=googleplus"" onclick=""javascript:window.open(this.href,'', 'menubar=no,toolbar=no,resizable=yes,scrollbars=yes,height=600,width=600');return false;""><img src=""http://www.gstatic.com/images/icons/gplus-16.png"" alt=""Share on Google+""/></a> </div></p><p><a href=""http://apple.slashdot.org/story/14/12/16/1834213/apple-wins-itunes-drm-case?utm_source=rss1.0moreanon&amp;utm_medium=feed"">Read more of this story</a> at Slashdot.</p><iframe src=""http://slashdot.org/slashdot-it.pl?op=discuss&amp;id=6417841&amp;smallembed=1"" style=""height: 300px; width: 100%; border: none;""></iframe><img width='1' height='1' src='http://slashdot.feedsportal.com/c/35028/f/647410/s/4180bd42/sc/21/mf.gif' border='0'/><br clear='all'/><br/><br/><a href=""http://da.feedsportal.com/r/216364914411/u/49/f/647410/c/35028/s/4180bd42/sc/21/rc/1/rc.htm"" rel=""nofollow""><img src=""http://da.feedsportal.com/r/216364914411/u/49/f/647410/c/35028/s/4180bd42/sc/21/rc/1/rc.img"" border=""0""/></a><br/><a href=""http://da.feedsportal.com/r/216364914411/u/49/f/647410/c/35028/s/4180bd42/sc/21/rc/2/rc.htm"" rel=""nofollow""><img src=""http://da.feedsportal.com/r/216364914411/u/49/f/647410/c/35028/s/4180bd42/sc/21/rc/2/rc.img"" border=""0""/></a><br/><a href=""http://da.feedsportal.com/r/216364914411/u/49/f/647410/c/35028/s/4180bd42/sc/21/rc/3/rc.htm"" rel=""nofollow""><img src=""http://da.feedsportal.com/r/216364914411/u/49/f/647410/c/35028/s/4180bd42/sc/21/rc/3/rc.img"" border=""0""/></a><br/><br/><a href=""http://da.feedsportal.com/r/216364914411/u/49/f/647410/c/35028/s/4180bd42/sc/21/a2.htm""><img src=""http://da.feedsportal.com/r/216364914411/u/49/f/647410/c/35028/s/4180bd42/sc/21/a2.img"" border=""0""/></a><img width=""1"" height=""1"" src=""http://pi.feedsportal.com/r/216364914411/u/49/f/647410/c/35028/s/4180bd42/sc/21/a2t.img"" border=""0""/><img src=""//feeds.feedburner.com/~r/Slashdot/slashdot/~4/uuFltN2COm0"" height=""1"" width=""1"" alt=""""/>"
Ask Slashdot: How Should a Liberal Arts Major Get Into STEM?,http://rss.slashdot.org/~r/Slashdot/slashdot/~3/jRioOBLv7cA/story01.htm,"An anonymous reader writes: I graduated with a degree in the liberal arts (English) in 2010 after having transferred from a Microbiology program (not for lack of ability, but for an enlightening class wherein we read Portrait of the Artist). Now, a couple years on, I'm 25, and though I very much appreciate my education for having taught me a great deal about abstraction, critical thinking, research, communication, and cheesily enough, humanity, I realize that I should have stuck with the STEM field. I've found that the jobs available to me are not exactly up my alley, and that I can better impact the world, and make myself happier, doing something STEM-related (preferably within the space industry &mdash; so not really something that's easy to just jump into). With a decent amount of student debt already amassed, how can I best break into the STEM world? I'm already taking online courses where I can, and enjoy doing entry-level programming, maths, etc. Should I continue picking things up where and when I can? Would it be wiser for me to go deeper into debt and get a second undergrad degree? Or should I try to go into grad school after doing some of my own studying up? Would the military be a better choice? Would it behoove me to just start trying to find STEM jobs and learn on the go (I know many times experience speaks louder to employers than a college degree might)? Or perhaps I should find a non-STEM job with a company that would allow me to transfer into that company's STEM work? I'd be particularly interested in hearing from people who have been in my position and from employers who have experience with employees who were in my position, but any insight would be welcome.<p><div class=""share_submission"" style=""position:relative;""> <a class=""slashpop"" href=""http://twitter.com/home?status=Ask+Slashdot%3A+How+Should+a+Liberal+Arts+Major+Get+Into+STEM%3F%3A+http%3A%2F%2Fbit.ly%2F1A6ppKA""><img src=""http://a.fsdn.com/sd/twitter_icon_large.png""></a> <a class=""slashpop"" href=""http://www.facebook.com/sharer.php?u=http%3A%2F%2Fask.slashdot.org%2Fstory%2F14%2F12%2F16%2F1936218%2Fask-slashdot-how-should-a-liberal-arts-major-get-into-stem%3Futm_source%3Dslashdot%26utm_medium%3Dfacebook""><img src=""http://a.fsdn.com/sd/facebook_icon_large.png""></a> <a class=""nobg"" href=""http://plus.google.com/share?url=http://ask.slashdot.org/story/14/12/16/1936218/ask-slashdot-how-should-a-liberal-arts-major-get-into-stem?utm_source=slashdot&amp;utm_medium=googleplus"" onclick=""javascript:window.open(this.href,'', 'menubar=no,toolbar=no,resizable=yes,scrollbars=yes,height=600,width=600');return false;""><img src=""http://www.gstatic.com/images/icons/gplus-16.png"" alt=""Share on Google+""/></a> </div></p><p><a href=""http://ask.slashdot.org/story/14/12/16/1936218/ask-slashdot-how-should-a-liberal-arts-major-get-into-stem?utm_source=rss1.0moreanon&amp;utm_medium=feed"">Read more of this story</a> at Slashdot.</p><iframe src=""http://slashdot.org/slashdot-it.pl?op=discuss&amp;id=6418317&amp;smallembed=1"" style=""height: 300px; width: 100%; border: none;""></iframe><img width='1' height='1' src='http://slashdot.feedsportal.com/c/35028/f/647410/s/41818f75/sc/36/mf.gif' border='0'/><br clear='all'/><br/><br/><a href=""http://da.feedsportal.com/r/216364932845/u/49/f/647410/c/35028/s/41818f75/sc/36/rc/1/rc.htm"" rel=""nofollow""><img src=""http://da.feedsportal.com/r/216364932845/u/49/f/647410/c/35028/s/41818f75/sc/36/rc/1/rc.img"" border=""0""/></a><br/><a href=""http://da.feedsportal.com/r/216364932845/u/49/f/647410/c/35028/s/41818f75/sc/36/rc/2/rc.htm"" rel=""nofollow""><img src=""http://da.feedsportal.com/r/216364932845/u/49/f/647410/c/35028/s/41818f75/sc/36/rc/2/rc.img"" border=""0""/></a><br/><a href=""http://da.feedsportal.com/r/216364932845/u/49/f/647410/c/35028/s/41818f75/sc/36/rc/3/rc.htm"" rel=""nofollow""><img src=""http://da.feedsportal.com/r/216364932845/u/49/f/647410/c/35028/s/41818f75/sc/36/rc/3/rc.img"" border=""0""/></a><br/><br/><a href=""http://da.feedsportal.com/r/216364932845/u/49/f/647410/c/35028/s/41818f75/sc/36/a2.htm""><img src=""http://da.feedsportal.com/r/216364932845/u/49/f/647410/c/35028/s/41818f75/sc/36/a2.img"" border=""0""/></a><img width=""1"" height=""1"" src=""http://pi.feedsportal.com/r/216364932845/u/49/f/647410/c/35028/s/41818f75/sc/36/a2t.img"" border=""0""/><img src=""//feeds.feedburner.com/~r/Slashdot/slashdot/~4/jRioOBLv7cA"" height=""1"" width=""1"" alt=""""/>"
Attorney Yasir Billoo Explains NDA Law (Video),http://rss.slashdot.org/~r/Slashdot/slashdot/~3/TeQa0FGBVes/story01.htm,"Yasir Billoo, an attorney with Golden &amp; Grimes in Miami, Florida, is licensed to practice law in both Florida and California, and works heavily in the areas of business/commercial law, employment and labor, and civil appeals. Yasir also has a business-oriented blog titled Small Business Law. In this Slashdot video interview hosted by Timothy Lord, Yasir gives what is essentially a primer on the law behind Non-Disclosure Agreements (NDAs) and how they differ from Non-Competes. Sooner or later you're going to encounter -- or even write -- an NDA, and you'd better know the law behind what you're doing. Naturally, today's interview isn't specific legal advice about a particular situation. If you want that, you need to hire a lawyer to advise you. But Yasir (a long-time Slashdot reader. BTW) has shared enough knowledge in this interview that it will help you deal with many NDA situations on your own, and how to tell when you really should have a lawyer by your side. (Alternate Video Link )<p><div class=""share_submission"" style=""position:relative;""> <a class=""slashpop"" href=""http://twitter.com/home?status=Attorney+Yasir+Billoo+Explains+NDA+Law+(Video)%3A+http%3A%2F%2Fbit.ly%2F1BVrDPg""><img src=""http://a.fsdn.com/sd/twitter_icon_large.png""></a> <a class=""slashpop"" href=""http://www.facebook.com/sharer.php?u=http%3A%2F%2Ffeatures.slashdot.org%2Fstory%2F14%2F12%2F16%2F212214%2Fattorney-yasir-billoo-explains-nda-law-video%3Futm_source%3Dslashdot%26utm_medium%3Dfacebook""><img src=""http://a.fsdn.com/sd/facebook_icon_large.png""></a> <a class=""nobg"" href=""http://plus.google.com/share?url=http://features.slashdot.org/story/14/12/16/212214/attorney-yasir-billoo-explains-nda-law-video?utm_source=slashdot&amp;utm_medium=googleplus"" onclick=""javascript:window.open(this.href,'', 'menubar=no,toolbar=no,resizable=yes,scrollbars=yes,height=600,width=600');return false;""><img src=""http://www.gstatic.com/images/icons/gplus-16.png"" alt=""Share on Google+""/></a> </div></p><p><a href=""http://features.slashdot.org/story/14/12/16/212214/attorney-yasir-billoo-explains-nda-law-video?utm_source=rss1.0moreanon&amp;utm_medium=feed"">Read more of this story</a> at Slashdot.</p><iframe src=""http://slashdot.org/slashdot-it.pl?op=discuss&amp;id=6418967&amp;smallembed=1"" style=""height: 300px; width: 100%; border: none;""></iframe><img width='1' height='1' src='http://slashdot.feedsportal.com/c/35028/f/647410/s/41824990/sc/36/mf.gif' border='0'/><br clear='all'/><br/><br/><a href=""http://da.feedsportal.com/r/216364920824/u/49/f/647410/c/35028/s/41824990/sc/36/rc/1/rc.htm"" rel=""nofollow""><img src=""http://da.feedsportal.com/r/216364920824/u/49/f/647410/c/35028/s/41824990/sc/36/rc/1/rc.img"" border=""0""/></a><br/><a href=""http://da.feedsportal.com/r/216364920824/u/49/f/647410/c/35028/s/41824990/sc/36/rc/2/rc.htm"" rel=""nofollow""><img src=""http://da.feedsportal.com/r/216364920824/u/49/f/647410/c/35028/s/41824990/sc/36/rc/2/rc.img"" border=""0""/></a><br/><a href=""http://da.feedsportal.com/r/216364920824/u/49/f/647410/c/35028/s/41824990/sc/36/rc/3/rc.htm"" rel=""nofollow""><img src=""http://da.feedsportal.com/r/216364920824/u/49/f/647410/c/35028/s/41824990/sc/36/rc/3/rc.img"" border=""0""/></a><br/><br/><a href=""http://da.feedsportal.com/r/216364920824/u/49/f/647410/c/35028/s/41824990/sc/36/a2.htm""><img src=""http://da.feedsportal.com/r/216364920824/u/49/f/647410/c/35028/s/41824990/sc/36/a2.img"" border=""0""/></a><img width=""1"" height=""1"" src=""http://pi.feedsportal.com/r/216364920824/u/49/f/647410/c/35028/s/41824990/sc/36/a2t.img"" border=""0""/><img src=""//feeds.feedburner.com/~r/Slashdot/slashdot/~4/TeQa0FGBVes"" height=""1"" width=""1"" alt=""""/>"
"Beautiful Images, Inspiring Research (Duke)",http://news.feedzilla.com/en_us/stories/science/411273315?client_source=api&format=json,"An eye-catching look back at the best research photography of 2014

"
Boeing 737 factory to move to clean energy (The Arizona Republic),http://news.feedzilla.com/en_us/stories/science/411287797?client_source=api&format=json,"RENTON, Wash. (AP) -- Boeing said Tuesday it plans to buy renewable energy
credits to replace fossil-fuel power at the factory in Washington state where
it assembles its 737 commercial airplanes....

"
Brain Stimulation For Entertainment?,http://rss.slashdot.org/~r/Slashdot/slashdot/~3/Qoq4PxZBDmY/story01.htm,"An anonymous reader writes: Transcranial magnetic stimulation has been used for years to diagnose and treat neural disorders such as stroke, Alzheimer's, and depression. Soon the medical technique could be applied to virtual reality and entertainment. Neuroscientist Jeffrey Zacks writes, ""it's quite likely that some kind of electromagnetic brain stimulation for entertainment will become practical in the not-too-distant future."" Imagine an interactive movie where special effects are enhanced by zapping parts of the brain from outside to make the action more vivid. Before brain stimulation makes it to the masses, however, it has plenty of technical and safety hurdles to overcome.<p><div class=""share_submission"" style=""position:relative;""> <a class=""slashpop"" href=""http://twitter.com/home?status=Brain+Stimulation+For+Entertainment%3F%3A+http%3A%2F%2Fbit.ly%2F1sy1YDP""><img src=""http://a.fsdn.com/sd/twitter_icon_large.png""></a> <a class=""slashpop"" href=""http://www.facebook.com/sharer.php?u=http%3A%2F%2Fscience.slashdot.org%2Fstory%2F14%2F12%2F16%2F2232222%2Fbrain-stimulation-for-entertainment%3Futm_source%3Dslashdot%26utm_medium%3Dfacebook""><img src=""http://a.fsdn.com/sd/facebook_icon_large.png""></a> <a class=""nobg"" href=""http://plus.google.com/share?url=http://science.slashdot.org/story/14/12/16/2232222/brain-stimulation-for-entertainment?utm_source=slashdot&amp;utm_medium=googleplus"" onclick=""javascript:window.open(this.href,'', 'menubar=no,toolbar=no,resizable=yes,scrollbars=yes,height=600,width=600');return false;""><img src=""http://www.gstatic.com/images/icons/gplus-16.png"" alt=""Share on Google+""/></a> </div></p><p><a href=""http://science.slashdot.org/story/14/12/16/2232222/brain-stimulation-for-entertainment?utm_source=rss1.0moreanon&amp;utm_medium=feed"">Read more of this story</a> at Slashdot.</p><iframe src=""http://slashdot.org/slashdot-it.pl?op=discuss&amp;id=6419307&amp;smallembed=1"" style=""height: 300px; width: 100%; border: none;""></iframe><img width='1' height='1' src='http://slashdot.feedsportal.com/c/35028/f/647410/s/4182bf07/sc/36/mf.gif' border='0'/><br clear='all'/><br/><br/><a href=""http://da.feedsportal.com/r/216364936545/u/49/f/647410/c/35028/s/4182bf07/sc/36/rc/1/rc.htm"" rel=""nofollow""><img src=""http://da.feedsportal.com/r/216364936545/u/49/f/647410/c/35028/s/4182bf07/sc/36/rc/1/rc.img"" border=""0""/></a><br/><a href=""http://da.feedsportal.com/r/216364936545/u/49/f/647410/c/35028/s/4182bf07/sc/36/rc/2/rc.htm"" rel=""nofollow""><img src=""http://da.feedsportal.com/r/216364936545/u/49/f/647410/c/35028/s/4182bf07/sc/36/rc/2/rc.img"" border=""0""/></a><br/><a href=""http://da.feedsportal.com/r/216364936545/u/49/f/647410/c/35028/s/4182bf07/sc/36/rc/3/rc.htm"" rel=""nofollow""><img src=""http://da.feedsportal.com/r/216364936545/u/49/f/647410/c/35028/s/4182bf07/sc/36/rc/3/rc.img"" border=""0""/></a><br/><br/><a href=""http://da.feedsportal.com/r/216364936545/u/49/f/647410/c/35028/s/4182bf07/sc/36/a2.htm""><img src=""http://da.feedsportal.com/r/216364936545/u/49/f/647410/c/35028/s/4182bf07/sc/36/a2.img"" border=""0""/></a><img width=""1"" height=""1"" src=""http://pi.feedsportal.com/r/216364936545/u/49/f/647410/c/35028/s/4182bf07/sc/36/a2t.img"" border=""0""/><img src=""//feeds.feedburner.com/~r/Slashdot/slashdot/~4/Qoq4PxZBDmY"" height=""1"" width=""1"" alt=""""/>"
"Catalyst for producing monocyclic aromatic hydrocarbons, and method for producing monocyclic aromatic hydrocarbons (Fresh Patents)",http://news.feedzilla.com/en_us/stories/science/411239138?client_source=api&format=json,"A catalyst for producing monocyclic aromatic hydrocarbons, used for producing
monocyclic aromatic hydrocarbons of 6 to 8 carbon number from a feedstock oil
having a 10 volume % distillation temperature of at least 140° C. and an end
point temperature of not more than 400° C., wherein the catalyst contains...

"
Curiosity Detects Mysterious Methane Spikes On Mars,http://rss.slashdot.org/~r/Slashdot/slashdot/~3/7b712e5imeg/story01.htm,"astroengine writes: A gas strongly associated with life on Earth has been detected again in the Martian atmosphere, opening a new chapter in a decade-old mystery about the on-again, off-again appearance of methane on Mars. The latest discovery comes from NASA's Curiosity rover, which in addition to analyzing rocks and soil samples, is sniffing the air at its Gale Crater landing site. A year ago, scientists reported that Curiosity had come up empty-handed after an eight-month search for methane in the atmosphere, leaving earlier detections by ground-based telescopes and Mars-orbiting spacecraft an unexplained anomaly. ""We thought we had closed the book on methane. It was disappointing to a lot of people that there wasn't significant methane on Mars, but that's where we were,"" Curiosity scientist Christopher Webster with NASA's Jet Propulsion Laboratory in Pasadena, Calif., told Discovery News.<p><div class=""share_submission"" style=""position:relative;""> <a class=""slashpop"" href=""http://twitter.com/home?status=Curiosity+Detects+Mysterious+Methane+Spikes+On+Mars%3A+http%3A%2F%2Fbit.ly%2F1zob2Bx""><img src=""http://a.fsdn.com/sd/twitter_icon_large.png""></a> <a class=""slashpop"" href=""http://www.facebook.com/sharer.php?u=http%3A%2F%2Fscience.slashdot.org%2Fstory%2F14%2F12%2F16%2F2035233%2Fcuriosity-detects-mysterious-methane-spikes-on-mars%3Futm_source%3Dslashdot%26utm_medium%3Dfacebook""><img src=""http://a.fsdn.com/sd/facebook_icon_large.png""></a> <a class=""nobg"" href=""http://plus.google.com/share?url=http://science.slashdot.org/story/14/12/16/2035233/curiosity-detects-mysterious-methane-spikes-on-mars?utm_source=slashdot&amp;utm_medium=googleplus"" onclick=""javascript:window.open(this.href,'', 'menubar=no,toolbar=no,resizable=yes,scrollbars=yes,height=600,width=600');return false;""><img src=""http://www.gstatic.com/images/icons/gplus-16.png"" alt=""Share on Google+""/></a> </div></p><p><a href=""http://science.slashdot.org/story/14/12/16/2035233/curiosity-detects-mysterious-methane-spikes-on-mars?utm_source=rss1.0moreanon&amp;utm_medium=feed"">Read more of this story</a> at Slashdot.</p><iframe src=""http://slashdot.org/slashdot-it.pl?op=discuss&amp;id=6418791&amp;smallembed=1"" style=""height: 300px; width: 100%; border: none;""></iframe><img width='1' height='1' src='http://slashdot.feedsportal.com/c/35028/f/647410/s/41818269/sc/32/mf.gif' border='0'/><br clear='all'/><br/><br/><a href=""http://da.feedsportal.com/r/216364894820/u/49/f/647410/c/35028/s/41818269/sc/32/rc/1/rc.htm"" rel=""nofollow""><img src=""http://da.feedsportal.com/r/216364894820/u/49/f/647410/c/35028/s/41818269/sc/32/rc/1/rc.img"" border=""0""/></a><br/><a href=""http://da.feedsportal.com/r/216364894820/u/49/f/647410/c/35028/s/41818269/sc/32/rc/2/rc.htm"" rel=""nofollow""><img src=""http://da.feedsportal.com/r/216364894820/u/49/f/647410/c/35028/s/41818269/sc/32/rc/2/rc.img"" border=""0""/></a><br/><a href=""http://da.feedsportal.com/r/216364894820/u/49/f/647410/c/35028/s/41818269/sc/32/rc/3/rc.htm"" rel=""nofollow""><img src=""http://da.feedsportal.com/r/216364894820/u/49/f/647410/c/35028/s/41818269/sc/32/rc/3/rc.img"" border=""0""/></a><br/><br/><a href=""http://da.feedsportal.com/r/216364894820/u/49/f/647410/c/35028/s/41818269/sc/32/a2.htm""><img src=""http://da.feedsportal.com/r/216364894820/u/49/f/647410/c/35028/s/41818269/sc/32/a2.img"" border=""0""/></a><img width=""1"" height=""1"" src=""http://pi.feedsportal.com/r/216364894820/u/49/f/647410/c/35028/s/41818269/sc/32/a2t.img"" border=""0""/><img src=""//feeds.feedburner.com/~r/Slashdot/slashdot/~4/7b712e5imeg"" height=""1"" width=""1"" alt=""""/>"
Dr. Dobb's 38-Year Run Comes To an End,http://rss.slashdot.org/~r/Slashdot/slashdot/~3/1-NwNFMDorg/story01.htm,"An anonymous reader writes: Dr. Dobb's &mdash; long time icon of programming magazines &mdash; ""sunsets"" at the end of the year. Editor Andrew Binstock says despite growing traffic numbers, the decline in revenue from ads means there will be no new content posted after 2014 ends. (The site will stay up for at least a year, hopefully longer.) Younger people may not care, but for the hard core old guys, it marks the end of a world where broad knowledge of computers and being willing to create solutions instead of reuse them was valuable. Binstock might disagree; he said, ""As our page views show, the need for an independent site with in-depth articles, code, algorithms, and reliable product reviews is still very much present. And I will dearly miss that content. I wish I could point you to another site that does similar work, but alas, I know of none.""<p><div class=""share_submission"" style=""position:relative;""> <a class=""slashpop"" href=""http://twitter.com/home?status=Dr.+Dobb's+38-Year+Run+Comes+To+an+End%3A+http%3A%2F%2Fbit.ly%2F1BT6AtW""><img src=""http://a.fsdn.com/sd/twitter_icon_large.png""></a> <a class=""slashpop"" href=""http://www.facebook.com/sharer.php?u=http%3A%2F%2Fdevelopers.slashdot.org%2Fstory%2F14%2F12%2F16%2F2048216%2Fdr-dobbs-38-year-run-comes-to-an-end%3Futm_source%3Dslashdot%26utm_medium%3Dfacebook""><img src=""http://a.fsdn.com/sd/facebook_icon_large.png""></a> <a class=""nobg"" href=""http://plus.google.com/share?url=http://developers.slashdot.org/story/14/12/16/2048216/dr-dobbs-38-year-run-comes-to-an-end?utm_source=slashdot&amp;utm_medium=googleplus"" onclick=""javascript:window.open(this.href,'', 'menubar=no,toolbar=no,resizable=yes,scrollbars=yes,height=600,width=600');return false;""><img src=""http://www.gstatic.com/images/icons/gplus-16.png"" alt=""Share on Google+""/></a> </div></p><p><a href=""http://developers.slashdot.org/story/14/12/16/2048216/dr-dobbs-38-year-run-comes-to-an-end?utm_source=rss1.0moreanon&amp;utm_medium=feed"">Read more of this story</a> at Slashdot.</p><iframe src=""http://slashdot.org/slashdot-it.pl?op=discuss&amp;id=6418879&amp;smallembed=1"" style=""height: 300px; width: 100%; border: none;""></iframe><img width='1' height='1' src='http://slashdot.feedsportal.com/c/35028/f/647410/s/4182bcd1/sc/4/mf.gif' border='0'/><br clear='all'/><br/><br/><a href=""http://da.feedsportal.com/r/216364936260/u/49/f/647410/c/35028/s/4182bcd1/sc/4/rc/1/rc.htm"" rel=""nofollow""><img src=""http://da.feedsportal.com/r/216364936260/u/49/f/647410/c/35028/s/4182bcd1/sc/4/rc/1/rc.img"" border=""0""/></a><br/><a href=""http://da.feedsportal.com/r/216364936260/u/49/f/647410/c/35028/s/4182bcd1/sc/4/rc/2/rc.htm"" rel=""nofollow""><img src=""http://da.feedsportal.com/r/216364936260/u/49/f/647410/c/35028/s/4182bcd1/sc/4/rc/2/rc.img"" border=""0""/></a><br/><a href=""http://da.feedsportal.com/r/216364936260/u/49/f/647410/c/35028/s/4182bcd1/sc/4/rc/3/rc.htm"" rel=""nofollow""><img src=""http://da.feedsportal.com/r/216364936260/u/49/f/647410/c/35028/s/4182bcd1/sc/4/rc/3/rc.img"" border=""0""/></a><br/><br/><a href=""http://da.feedsportal.com/r/216364936260/u/49/f/647410/c/35028/s/4182bcd1/sc/4/a2.htm""><img src=""http://da.feedsportal.com/r/216364936260/u/49/f/647410/c/35028/s/4182bcd1/sc/4/a2.img"" border=""0""/></a><img width=""1"" height=""1"" src=""http://pi.feedsportal.com/r/216364936260/u/49/f/647410/c/35028/s/4182bcd1/sc/4/a2t.img"" border=""0""/><img src=""//feeds.feedburner.com/~r/Slashdot/slashdot/~4/1-NwNFMDorg"" height=""1"" width=""1"" alt=""""/>"
Economists Say Newest AI Technology Destroys More Jobs Than It Creates,http://rss.slashdot.org/~r/Slashdot/slashdot/~3/nmuzkBItruA/story01.htm,"HughPickens.com writes: Claire Cain Miller notes at the NY Times that economists long argued that, just as buggy-makers gave way to car factories, technology used to create as many jobs as it destroyed. But now there is deep uncertainty about whether the pattern will continue, as two trends are interacting. First, artificial intelligence has become vastly more sophisticated in a short time, with machines now able to learn, not just follow programmed instructions, and to respond to human language and movement. At the same time, the American work force has gained skills at a slower rate than in the past &mdash; and at a slower rate than in many other countries. Self-driving vehicles are an example of the crosscurrents. Autonomous cars could put truck and taxi drivers out of work &mdash; or they could enable drivers to be more productive during the time they used to spend driving, which could earn them more money. But for the happier outcome to happen, the drivers would need the skills to do new types of jobs. When the University of Chicago asked a panel of leading economists about automation, 76 percent agreed that it had not historically decreased employment. But when asked about the more recent past, they were less sanguine. About 33 percent said technology was a central reason that median wages had been stagnant over the past decade, 20 percent said it was not and 29 percent were unsure. Perhaps the most worrisome development is how poorly the job market is already functioning for many workers. More than 16 percent of men between the ages of 25 and 54 are not working, up from 5 percent in the late 1960s; 30 percent of women in this age group are not working, up from 25 percent in the late 1990s. For those who are working, wage growth has been weak, while corporate profits have surged. ""We're going to enter a world in which there's more wealth and less need to work,"" says Erik Brynjolfsson. ""That should be good news. But if we just put it on autopilot, there's no guarantee this will work out.""<p><div class=""share_submission"" style=""position:relative;""> <a class=""slashpop"" href=""http://twitter.com/home?status=Economists+Say+Newest+AI+Technology+Destroys+More+Jobs+Than+It+Creates%3A+http%3A%2F%2Fbit.ly%2F138Ve96""><img src=""http://a.fsdn.com/sd/twitter_icon_large.png""></a> <a class=""slashpop"" href=""http://www.facebook.com/sharer.php?u=http%3A%2F%2Fhardware.slashdot.org%2Fstory%2F14%2F12%2F17%2F0512208%2Feconomists-say-newest-ai-technology-destroys-more-jobs-than-it-creates%3Futm_source%3Dslashdot%26utm_medium%3Dfacebook""><img src=""http://a.fsdn.com/sd/facebook_icon_large.png""></a> <a class=""nobg"" href=""http://plus.google.com/share?url=http://hardware.slashdot.org/story/14/12/17/0512208/economists-say-newest-ai-technology-destroys-more-jobs-than-it-creates?utm_source=slashdot&amp;utm_medium=googleplus"" onclick=""javascript:window.open(this.href,'', 'menubar=no,toolbar=no,resizable=yes,scrollbars=yes,height=600,width=600');return false;""><img src=""http://www.gstatic.com/images/icons/gplus-16.png"" alt=""Share on Google+""/></a> </div></p><p><a href=""http://hardware.slashdot.org/story/14/12/17/0512208/economists-say-newest-ai-technology-destroys-more-jobs-than-it-creates?utm_source=rss1.0moreanon&amp;utm_medium=feed"">Read more of this story</a> at Slashdot.</p><iframe src=""http://slashdot.org/slashdot-it.pl?op=discuss&amp;id=6421237&amp;smallembed=1"" style=""height: 300px; width: 100%; border: none;""></iframe><img width='1' height='1' src='http://slashdot.feedsportal.com/c/35028/f/647410/s/4185ef25/sc/1/mf.gif' border='0'/><br clear='all'/><br/><br/><a href=""http://da.feedsportal.com/r/216364938341/u/49/f/647410/c/35028/s/4185ef25/sc/1/rc/1/rc.htm"" rel=""nofollow""><img src=""http://da.feedsportal.com/r/216364938341/u/49/f/647410/c/35028/s/4185ef25/sc/1/rc/1/rc.img"" border=""0""/></a><br/><a href=""http://da.feedsportal.com/r/216364938341/u/49/f/647410/c/35028/s/4185ef25/sc/1/rc/2/rc.htm"" rel=""nofollow""><img src=""http://da.feedsportal.com/r/216364938341/u/49/f/647410/c/35028/s/4185ef25/sc/1/rc/2/rc.img"" border=""0""/></a><br/><a href=""http://da.feedsportal.com/r/216364938341/u/49/f/647410/c/35028/s/4185ef25/sc/1/rc/3/rc.htm"" rel=""nofollow""><img src=""http://da.feedsportal.com/r/216364938341/u/49/f/647410/c/35028/s/4185ef25/sc/1/rc/3/rc.img"" border=""0""/></a><br/><br/><a href=""http://da.feedsportal.com/r/216364938341/u/49/f/647410/c/35028/s/4185ef25/sc/1/a2.htm""><img src=""http://da.feedsportal.com/r/216364938341/u/49/f/647410/c/35028/s/4185ef25/sc/1/a2.img"" border=""0""/></a><img width=""1"" height=""1"" src=""http://pi.feedsportal.com/r/216364938341/u/49/f/647410/c/35028/s/4185ef25/sc/1/a2t.img"" border=""0""/><img src=""//feeds.feedburner.com/~r/Slashdot/slashdot/~4/nmuzkBItruA"" height=""1"" width=""1"" alt=""""/>"
Frequent Flyers Could Take a Hit of Radiation from Lightning (Scientific American),http://news.feedzilla.com/en_us/stories/science/411250665?client_source=api&format=json,"San Francisco -- The energy released by a lightning bolt is so strong that it
creates an intense flash of light and usually loud thunder.


-- Read more on ScientificAmerican.com

"
Google's Top Searches of 2014 (Scientific American),http://news.feedzilla.com/en_us/stories/science/411281747?client_source=api&format=json,"Americans looked to Google for information on ebola, the ALS Ice Bucket
Challenge and the suicide of Robin Williams this year -- all of which ranked
among the hottest search terms of 2014.


-- Read more on ScientificAmerican.com

"
"In IT, Beware of Fad Versus Functional",http://rss.slashdot.org/~r/Slashdot/slashdot/~3/rhjjqaeVdz0/story01.htm,"Lemeowski writes: Cloud, big data, and agile were three of the technology terms that were brandished the most by IT leaders in 2014. Yet, there could be a real danger in buying into the hype without understanding the implications of the technologies, writes Pearson CTO Sven Gerjets. In this essay, Gerjets warns that many IT executives drop the ball when it comes to ""defining how a new technology approach will add value"" to their organization. He says: ""Yes, you can dive into an IT fad without thinking about it, but I can promise you'll look back and be horrified someday. The only time you can fully adopt some of these new methods is when you are starting from scratch. Most of us don't have that luxury because we are working with legacy architectures and technical debt so you have to play hand you've been dealt, communicate well, set clear and measurable outcomes, and use these fads to thoughtfully supplement the environment you are working in to benefit the ecosystem.""<p><div class=""share_submission"" style=""position:relative;""> <a class=""slashpop"" href=""http://twitter.com/home?status=In+IT%2C+Beware+of+Fad+Versus+Functional%3A+http%3A%2F%2Fbit.ly%2F1uVnljh""><img src=""http://a.fsdn.com/sd/twitter_icon_large.png""></a> <a class=""slashpop"" href=""http://www.facebook.com/sharer.php?u=http%3A%2F%2Fit.slashdot.org%2Fstory%2F14%2F12%2F16%2F1819236%2Fin-it-beware-of-fad-versus-functional%3Futm_source%3Dslashdot%26utm_medium%3Dfacebook""><img src=""http://a.fsdn.com/sd/facebook_icon_large.png""></a> <a class=""nobg"" href=""http://plus.google.com/share?url=http://it.slashdot.org/story/14/12/16/1819236/in-it-beware-of-fad-versus-functional?utm_source=slashdot&amp;utm_medium=googleplus"" onclick=""javascript:window.open(this.href,'', 'menubar=no,toolbar=no,resizable=yes,scrollbars=yes,height=600,width=600');return false;""><img src=""http://www.gstatic.com/images/icons/gplus-16.png"" alt=""Share on Google+""/></a> </div></p><p><a href=""http://it.slashdot.org/story/14/12/16/1819236/in-it-beware-of-fad-versus-functional?utm_source=rss1.0moreanon&amp;utm_medium=feed"">Read more of this story</a> at Slashdot.</p><iframe src=""http://slashdot.org/slashdot-it.pl?op=discuss&amp;id=6417713&amp;smallembed=1"" style=""height: 300px; width: 100%; border: none;""></iframe><img width='1' height='1' src='http://slashdot.feedsportal.com/c/35028/f/647410/s/418184fe/sc/4/mf.gif' border='0'/><br clear='all'/><br/><br/><a href=""http://da.feedsportal.com/r/216364931546/u/49/f/647410/c/35028/s/418184fe/sc/4/rc/1/rc.htm"" rel=""nofollow""><img src=""http://da.feedsportal.com/r/216364931546/u/49/f/647410/c/35028/s/418184fe/sc/4/rc/1/rc.img"" border=""0""/></a><br/><a href=""http://da.feedsportal.com/r/216364931546/u/49/f/647410/c/35028/s/418184fe/sc/4/rc/2/rc.htm"" rel=""nofollow""><img src=""http://da.feedsportal.com/r/216364931546/u/49/f/647410/c/35028/s/418184fe/sc/4/rc/2/rc.img"" border=""0""/></a><br/><a href=""http://da.feedsportal.com/r/216364931546/u/49/f/647410/c/35028/s/418184fe/sc/4/rc/3/rc.htm"" rel=""nofollow""><img src=""http://da.feedsportal.com/r/216364931546/u/49/f/647410/c/35028/s/418184fe/sc/4/rc/3/rc.img"" border=""0""/></a><br/><br/><a href=""http://da.feedsportal.com/r/216364931546/u/49/f/647410/c/35028/s/418184fe/sc/4/a2.htm""><img src=""http://da.feedsportal.com/r/216364931546/u/49/f/647410/c/35028/s/418184fe/sc/4/a2.img"" border=""0""/></a><img width=""1"" height=""1"" src=""http://pi.feedsportal.com/r/216364931546/u/49/f/647410/c/35028/s/418184fe/sc/4/a2t.img"" border=""0""/><img src=""//feeds.feedburner.com/~r/Slashdot/slashdot/~4/rhjjqaeVdz0"" height=""1"" width=""1"" alt=""""/>"
NASA Rover Finds Mysterious Methane Emissions on Mars (Scientific American),http://news.feedzilla.com/en_us/stories/science/411281750?client_source=api&format=json,"New results suggest evidence for extraterrestrial life could be near at hand


-- Read more on ScientificAmerican.com

"
"NASA Study Proposes Airships, Cloud Cities For Venus Exploration",http://rss.slashdot.org/~r/Slashdot/slashdot/~3/K1owrN9r3pk/story01.htm,"An anonymous reader writes: IEEE Spectrum reports on a study out of NASA exploring the idea that manned missions to Venus are possible if astronauts deploy and live in airships once they arrive. Since the atmospheric pressure at the surface is 92 times that of Earth, and the surface temperate is over 450 degrees C, the probes we've sent to Venus haven't lasted long. The Venera 8 probe sent back data for only 50 minutes after landing. Soviet missions in 1985 were able to get much more data &mdash; 46 hours worth &mdash; by suspending their probes from balloons. The new study refines that concept: ""At 50 kilometers above its surface, Venus offers one atmosphere of pressure and only slightly lower gravity than Earth. Mars, in comparison, has a ""sea level"" atmospheric pressure of less than a hundredth of Earth's, and gravity just over a third Earth normal. The temperature at 50 km on Venus is around 75 C, which is a mere 17 degrees hotter than the highest temperature recorded on Earth. The defining feature of these missions is the vehicle that will be doing the atmospheric exploring: a helium-filled, solar-powered airship. The robotic version would be 31 meters long (about half the size of the Goodyear blimp), while the crewed version would be nearly 130 meters long, or twice the size of a Boeing 747. The top of the airship would be covered with more than 1,000 square meters of solar panels, with a gondola slung underneath for instruments and, in the crewed version, a small habitat and the ascent vehicle that the astronauts would use to return to Venus's orbit, and home.""<p><div class=""share_submission"" style=""position:relative;""> <a class=""slashpop"" href=""http://twitter.com/home?status=NASA+Study+Proposes+Airships%2C+Cloud+Cities+For+Venus+Exploration%3A+http%3A%2F%2Fbit.ly%2F1AoAMft""><img src=""http://a.fsdn.com/sd/twitter_icon_large.png""></a> <a class=""slashpop"" href=""http://www.facebook.com/sharer.php?u=http%3A%2F%2Fscience.slashdot.org%2Fstory%2F14%2F12%2F17%2F1350250%2Fnasa-study-proposes-airships-cloud-cities-for-venus-exploration%3Futm_source%3Dslashdot%26utm_medium%3Dfacebook""><img src=""http://a.fsdn.com/sd/facebook_icon_large.png""></a> <a class=""nobg"" href=""http://plus.google.com/share?url=http://science.slashdot.org/story/14/12/17/1350250/nasa-study-proposes-airships-cloud-cities-for-venus-exploration?utm_source=slashdot&amp;utm_medium=googleplus"" onclick=""javascript:window.open(this.href,'', 'menubar=no,toolbar=no,resizable=yes,scrollbars=yes,height=600,width=600');return false;""><img src=""http://www.gstatic.com/images/icons/gplus-16.png"" alt=""Share on Google+""/></a> </div></p><p><a href=""http://science.slashdot.org/story/14/12/17/1350250/nasa-study-proposes-airships-cloud-cities-for-venus-exploration?utm_source=rss1.0moreanon&amp;utm_medium=feed"">Read more of this story</a> at Slashdot.</p><iframe src=""http://slashdot.org/slashdot-it.pl?op=discuss&amp;id=6426355&amp;smallembed=1"" style=""height: 300px; width: 100%; border: none;""></iframe><img width='1' height='1' src='http://slashdot.feedsportal.com/c/35028/f/647410/s/418a4652/sc/10/mf.gif' border='0'/><br clear='all'/><br/><br/><a href=""http://da.feedsportal.com/r/216442963204/u/49/f/647410/c/35028/s/418a4652/sc/10/rc/1/rc.htm"" rel=""nofollow""><img src=""http://da.feedsportal.com/r/216442963204/u/49/f/647410/c/35028/s/418a4652/sc/10/rc/1/rc.img"" border=""0""/></a><br/><a href=""http://da.feedsportal.com/r/216442963204/u/49/f/647410/c/35028/s/418a4652/sc/10/rc/2/rc.htm"" rel=""nofollow""><img src=""http://da.feedsportal.com/r/216442963204/u/49/f/647410/c/35028/s/418a4652/sc/10/rc/2/rc.img"" border=""0""/></a><br/><a href=""http://da.feedsportal.com/r/216442963204/u/49/f/647410/c/35028/s/418a4652/sc/10/rc/3/rc.htm"" rel=""nofollow""><img src=""http://da.feedsportal.com/r/216442963204/u/49/f/647410/c/35028/s/418a4652/sc/10/rc/3/rc.img"" border=""0""/></a><br/><br/><a href=""http://da.feedsportal.com/r/216442963204/u/49/f/647410/c/35028/s/418a4652/sc/10/a2.htm""><img src=""http://da.feedsportal.com/r/216442963204/u/49/f/647410/c/35028/s/418a4652/sc/10/a2.img"" border=""0""/></a><img width=""1"" height=""1"" src=""http://pi.feedsportal.com/r/216442963204/u/49/f/647410/c/35028/s/418a4652/sc/10/a2t.img"" border=""0""/><img src=""//feeds.feedburner.com/~r/Slashdot/slashdot/~4/K1owrN9r3pk"" height=""1"" width=""1"" alt=""""/>"
Nanoparticles Trick Malaria Parasites By Mimicking Red Blood Cells (pubs.acs),http://news.feedzilla.com/en_us/stories/science/411279255?client_source=api&format=json,"Nanomedicine: Parasites bind to a cell-like nanoparticle instead of infecting
cells

"
"New AP Course, ""Computer Science Principles,"" Aims To Make CS More Accessible",http://rss.slashdot.org/~r/Slashdot/slashdot/~3/q7fXojOAdns/story01.htm,"theodp writes: ""CS Principles,"" explains the intro to a Microsoft Research talk on a new Computer Science Toolkit and Gaming Course, ""is a new AP course being piloted across the country and by making it more accessible to students we can help increase diversity in computing."" Towards this end, Microsoft has developed ""a middle school computing toolkit, and a high school CS Principles &amp; Games course."" These two projects were ""developed specifically for girls,"" explains Microsoft, and are part of the corporation's Big Dream Movement for girls, which is partnering with the UN, White House, NSF, EU Commission, and others. One of Microsoft's particular goals is to ""reach every individual girl in her house."" According to a document on its website, Microsoft Research's other plans for Bridging the Gender Gap in computing include a partnership with the University of Wisconsin ""to create a girls-only computer science Massive Open Online Course (MOOC).""<p><div class=""share_submission"" style=""position:relative;""> <a class=""slashpop"" href=""http://twitter.com/home?status=New+AP+Course%2C+%22Computer+Science+Principles%2C%22+Aims+To+Make+CS+More+Accessible%3A+http%3A%2F%2Fbit.ly%2F13xJwWr""><img src=""http://a.fsdn.com/sd/twitter_icon_large.png""></a> <a class=""slashpop"" href=""http://www.facebook.com/sharer.php?u=http%3A%2F%2Fdevelopers.slashdot.org%2Fstory%2F14%2F12%2F17%2F1337220%2Fnew-ap-course-computer-science-principles-aims-to-make-cs-more-accessible%3Futm_source%3Dslashdot%26utm_medium%3Dfacebook""><img src=""http://a.fsdn.com/sd/facebook_icon_large.png""></a> <a class=""nobg"" href=""http://plus.google.com/share?url=http://developers.slashdot.org/story/14/12/17/1337220/new-ap-course-computer-science-principles-aims-to-make-cs-more-accessible?utm_source=slashdot&amp;utm_medium=googleplus"" onclick=""javascript:window.open(this.href,'', 'menubar=no,toolbar=no,resizable=yes,scrollbars=yes,height=600,width=600');return false;""><img src=""http://www.gstatic.com/images/icons/gplus-16.png"" alt=""Share on Google+""/></a> </div></p><p><a href=""http://developers.slashdot.org/story/14/12/17/1337220/new-ap-course-computer-science-principles-aims-to-make-cs-more-accessible?utm_source=rss1.0moreanon&amp;utm_medium=feed"">Read more of this story</a> at Slashdot.</p><iframe src=""http://slashdot.org/slashdot-it.pl?op=discuss&amp;id=6426209&amp;smallembed=1"" style=""height: 300px; width: 100%; border: none;""></iframe><img width='1' height='1' src='http://slashdot.feedsportal.com/c/35028/f/647410/s/418a4ce5/sc/4/mf.gif' border='0'/><br clear='all'/><br/><br/><a href=""http://da.feedsportal.com/r/216442965075/u/49/f/647410/c/35028/s/418a4ce5/sc/4/rc/1/rc.htm"" rel=""nofollow""><img src=""http://da.feedsportal.com/r/216442965075/u/49/f/647410/c/35028/s/418a4ce5/sc/4/rc/1/rc.img"" border=""0""/></a><br/><a href=""http://da.feedsportal.com/r/216442965075/u/49/f/647410/c/35028/s/418a4ce5/sc/4/rc/2/rc.htm"" rel=""nofollow""><img src=""http://da.feedsportal.com/r/216442965075/u/49/f/647410/c/35028/s/418a4ce5/sc/4/rc/2/rc.img"" border=""0""/></a><br/><a href=""http://da.feedsportal.com/r/216442965075/u/49/f/647410/c/35028/s/418a4ce5/sc/4/rc/3/rc.htm"" rel=""nofollow""><img src=""http://da.feedsportal.com/r/216442965075/u/49/f/647410/c/35028/s/418a4ce5/sc/4/rc/3/rc.img"" border=""0""/></a><br/><br/><a href=""http://da.feedsportal.com/r/216442965075/u/49/f/647410/c/35028/s/418a4ce5/sc/4/a2.htm""><img src=""http://da.feedsportal.com/r/216442965075/u/49/f/647410/c/35028/s/418a4ce5/sc/4/a2.img"" border=""0""/></a><img width=""1"" height=""1"" src=""http://pi.feedsportal.com/r/216442965075/u/49/f/647410/c/35028/s/418a4ce5/sc/4/a2t.img"" border=""0""/><img src=""//feeds.feedburner.com/~r/Slashdot/slashdot/~4/q7fXojOAdns"" height=""1"" width=""1"" alt=""""/>"
New technology advances eye tracking as biomarker for brain function and brain injury (Eurekalert),http://news.feedzilla.com/en_us/stories/science/411273402?client_source=api&format=json,"Researchers at New York University Langone Medical Center have developed new
technology that can assess the location and impact of a brain injury merely by
tracking the eye movements of patients as they watch music videos, suggesting
that the use of eye tracking technology may be a potential biological marker
for assessing brain function and monitoring recovery for patients with brain
injuries.

"
Nintendonitis: The secret dangers of video games (CBS News),http://news.feedzilla.com/en_us/stories/science/411307073?client_source=api&format=json,"It's all fun and games until someone dislocates a knee, wets himself or has a
stroke

"
"Not just for the holidays, mistletoe could fight obesity-related liver disease (Eurekalert)",http://news.feedzilla.com/en_us/stories/science/411314913?client_source=api&format=json,"(_American Chemical Society_) Mistletoe hanging in doorways announces that the
holidays are just around the corner. For some people, however, the symbolic
plant might one day represent more than a kiss at Christmas time: It may mean
better liver health. Researchers have found that a compound produced by a
particular variety of the plant can help fight obesity-related liver disease
in mice. Their study appears in ACS' Journal of Agricultural and Food
Chemistry.

"
ODF Support In Google Drive,http://rss.slashdot.org/~r/Slashdot/slashdot/~3/u1O0_ZngdQM/story01.htm,"An anonymous reader writes: Google's Chris DiBona told a London conference last week that ODF support was coming next year, but today the Google Drive team unexpectedly launched support for all three of the main variants &mdash; including long-absent Presentation files. You can now simply open ODT, ODS and ODP files in Drive with no fuss. It lacks support for comments and changes but at least it shows progress towards full support of the international document standard, something conspicuously missing for many years.<p><div class=""share_submission"" style=""position:relative;""> <a class=""slashpop"" href=""http://twitter.com/home?status=ODF+Support+In+Google+Drive%3A+http%3A%2F%2Fbit.ly%2F1uXthbx""><img src=""http://a.fsdn.com/sd/twitter_icon_large.png""></a> <a class=""slashpop"" href=""http://www.facebook.com/sharer.php?u=http%3A%2F%2Ftech.slashdot.org%2Fstory%2F14%2F12%2F17%2F0533207%2Fodf-support-in-google-drive%3Futm_source%3Dslashdot%26utm_medium%3Dfacebook""><img src=""http://a.fsdn.com/sd/facebook_icon_large.png""></a> <a class=""nobg"" href=""http://plus.google.com/share?url=http://tech.slashdot.org/story/14/12/17/0533207/odf-support-in-google-drive?utm_source=slashdot&amp;utm_medium=googleplus"" onclick=""javascript:window.open(this.href,'', 'menubar=no,toolbar=no,resizable=yes,scrollbars=yes,height=600,width=600');return false;""><img src=""http://www.gstatic.com/images/icons/gplus-16.png"" alt=""Share on Google+""/></a> </div></p><p><a href=""http://tech.slashdot.org/story/14/12/17/0533207/odf-support-in-google-drive?utm_source=rss1.0moreanon&amp;utm_medium=feed"">Read more of this story</a> at Slashdot.</p><iframe src=""http://slashdot.org/slashdot-it.pl?op=discuss&amp;id=6421453&amp;smallembed=1"" style=""height: 300px; width: 100%; border: none;""></iframe><img width='1' height='1' src='http://slashdot.feedsportal.com/c/35028/f/647410/s/418415b7/sc/4/mf.gif' border='0'/><br clear='all'/><br/><br/><a href=""http://da.feedsportal.com/r/216364930129/u/49/f/647410/c/35028/s/418415b7/sc/4/rc/1/rc.htm"" rel=""nofollow""><img src=""http://da.feedsportal.com/r/216364930129/u/49/f/647410/c/35028/s/418415b7/sc/4/rc/1/rc.img"" border=""0""/></a><br/><a href=""http://da.feedsportal.com/r/216364930129/u/49/f/647410/c/35028/s/418415b7/sc/4/rc/2/rc.htm"" rel=""nofollow""><img src=""http://da.feedsportal.com/r/216364930129/u/49/f/647410/c/35028/s/418415b7/sc/4/rc/2/rc.img"" border=""0""/></a><br/><a href=""http://da.feedsportal.com/r/216364930129/u/49/f/647410/c/35028/s/418415b7/sc/4/rc/3/rc.htm"" rel=""nofollow""><img src=""http://da.feedsportal.com/r/216364930129/u/49/f/647410/c/35028/s/418415b7/sc/4/rc/3/rc.img"" border=""0""/></a><br/><br/><a href=""http://da.feedsportal.com/r/216364930129/u/49/f/647410/c/35028/s/418415b7/sc/4/a2.htm""><img src=""http://da.feedsportal.com/r/216364930129/u/49/f/647410/c/35028/s/418415b7/sc/4/a2.img"" border=""0""/></a><img width=""1"" height=""1"" src=""http://pi.feedsportal.com/r/216364930129/u/49/f/647410/c/35028/s/418415b7/sc/4/a2t.img"" border=""0""/><img src=""//feeds.feedburner.com/~r/Slashdot/slashdot/~4/u1O0_ZngdQM"" height=""1"" width=""1"" alt=""""/>"
Researchers Accidentally Discover How To Turn Off Skin Aging Gene,http://rss.slashdot.org/~r/Slashdot/slashdot/~3/WqO6jbhzL40/story01.htm,"BarbaraHudson sends this excerpt from The Province: While exploring the effects of the protein-degrading enzyme Granzyme B on blood vessels during heart attacks, professor David Granville and other researchers at the University of British Columbia couldn't help noticing that mice engineered to lack the enzyme had beautiful skin at the end of the experiment, while normal mice showed signs of age. The discovery pushed Granville's research in an unexpected new direction. The researchers built a mechanized rodent tanning salon and exposed mice engineered to lack the enzyme and normal mice to UV light three times a week for 20 weeks, enough to cause redness, but not to burn. At the end of the experiment, the engineered mice still had smooth, unblemished skin, while the normal mice were deeply wrinkled. Granzyme B breaks down proteins and interferes with the organization and the integrity of collagen, dismantling the scaffolding &mdash; or extra-cellular matrix &mdash; that cells bind to. This causes structural weakness, leading to wrinkles. Sunlight appears to increase levels of the enzyme and accelerate its damaging effects.<p><div class=""share_submission"" style=""position:relative;""> <a class=""slashpop"" href=""http://twitter.com/home?status=Researchers+Accidentally+Discover+How+To+Turn+Off+Skin+Aging+Gene%3A+http%3A%2F%2Fbit.ly%2F1J0GolH""><img src=""http://a.fsdn.com/sd/twitter_icon_large.png""></a> <a class=""slashpop"" href=""http://www.facebook.com/sharer.php?u=http%3A%2F%2Fscience.slashdot.org%2Fstory%2F14%2F12%2F17%2F056233%2Fresearchers-accidentally-discover-how-to-turn-off-skin-aging-gene%3Futm_source%3Dslashdot%26utm_medium%3Dfacebook""><img src=""http://a.fsdn.com/sd/facebook_icon_large.png""></a> <a class=""nobg"" href=""http://plus.google.com/share?url=http://science.slashdot.org/story/14/12/17/056233/researchers-accidentally-discover-how-to-turn-off-skin-aging-gene?utm_source=slashdot&amp;utm_medium=googleplus"" onclick=""javascript:window.open(this.href,'', 'menubar=no,toolbar=no,resizable=yes,scrollbars=yes,height=600,width=600');return false;""><img src=""http://www.gstatic.com/images/icons/gplus-16.png"" alt=""Share on Google+""/></a> </div></p><p><a href=""http://science.slashdot.org/story/14/12/17/056233/researchers-accidentally-discover-how-to-turn-off-skin-aging-gene?utm_source=rss1.0moreanon&amp;utm_medium=feed"">Read more of this story</a> at Slashdot.</p><iframe src=""http://slashdot.org/slashdot-it.pl?op=discuss&amp;id=6421189&amp;smallembed=1"" style=""height: 300px; width: 100%; border: none;""></iframe><img width='1' height='1' src='http://slashdot.feedsportal.com/c/35028/f/647410/s/41845ebb/sc/14/mf.gif' border='0'/><br clear='all'/><br/><br/><a href=""http://da.feedsportal.com/r/216364945366/u/49/f/647410/c/35028/s/41845ebb/sc/14/rc/1/rc.htm"" rel=""nofollow""><img src=""http://da.feedsportal.com/r/216364945366/u/49/f/647410/c/35028/s/41845ebb/sc/14/rc/1/rc.img"" border=""0""/></a><br/><a href=""http://da.feedsportal.com/r/216364945366/u/49/f/647410/c/35028/s/41845ebb/sc/14/rc/2/rc.htm"" rel=""nofollow""><img src=""http://da.feedsportal.com/r/216364945366/u/49/f/647410/c/35028/s/41845ebb/sc/14/rc/2/rc.img"" border=""0""/></a><br/><a href=""http://da.feedsportal.com/r/216364945366/u/49/f/647410/c/35028/s/41845ebb/sc/14/rc/3/rc.htm"" rel=""nofollow""><img src=""http://da.feedsportal.com/r/216364945366/u/49/f/647410/c/35028/s/41845ebb/sc/14/rc/3/rc.img"" border=""0""/></a><br/><br/><a href=""http://da.feedsportal.com/r/216364945366/u/49/f/647410/c/35028/s/41845ebb/sc/14/a2.htm""><img src=""http://da.feedsportal.com/r/216364945366/u/49/f/647410/c/35028/s/41845ebb/sc/14/a2.img"" border=""0""/></a><img width=""1"" height=""1"" src=""http://pi.feedsportal.com/r/216364945366/u/49/f/647410/c/35028/s/41845ebb/sc/14/a2t.img"" border=""0""/><img src=""//feeds.feedburner.com/~r/Slashdot/slashdot/~4/WqO6jbhzL40"" height=""1"" width=""1"" alt=""""/>"
Senate Confirms New Surgeon General (bioethicscom),http://news.feedzilla.com/en_us/stories/science/411286240?client_source=api&format=json,"(CNN) - The Senate confirmed Vivek Murthy as surgeon general on Monday night
as Democrats -- in the final days of their majority control of the chamber --
overcame stiff opposition from the National Rifle Association. The 51 to 43 …
Read More

"
Single Group Dominates Second Round of Anti Net-Neutrality Comment Submissions,http://rss.slashdot.org/~r/Slashdot/slashdot/~3/8Hxr826txms/story01.htm,"New submitter aquadood writes: According to the Sunlight Foundation's analysis of recent comment submissions to the FCC regarding Net Neutrality, the majority (56.5%) were submitted by a single organization called American Commitment, which has ""shadowy"" ties to the Koch brothers' network. The blog article goes on to break down the comments in-depth, showing a roughly 60/40 split between those against net neutrality and those for it, respectively.<p><div class=""share_submission"" style=""position:relative;""> <a class=""slashpop"" href=""http://twitter.com/home?status=Single+Group+Dominates+Second+Round+of+Anti+Net-Neutrality+Comment+Submissions%3A+http%3A%2F%2Fbit.ly%2F1zq96IC""><img src=""http://a.fsdn.com/sd/twitter_icon_large.png""></a> <a class=""slashpop"" href=""http://www.facebook.com/sharer.php?u=http%3A%2F%2Ftech.slashdot.org%2Fstory%2F14%2F12%2F17%2F052226%2Fsingle-group-dominates-second-round-of-anti-net-neutrality-comment-submissions%3Futm_source%3Dslashdot%26utm_medium%3Dfacebook""><img src=""http://a.fsdn.com/sd/facebook_icon_large.png""></a> <a class=""nobg"" href=""http://plus.google.com/share?url=http://tech.slashdot.org/story/14/12/17/052226/single-group-dominates-second-round-of-anti-net-neutrality-comment-submissions?utm_source=slashdot&amp;utm_medium=googleplus"" onclick=""javascript:window.open(this.href,'', 'menubar=no,toolbar=no,resizable=yes,scrollbars=yes,height=600,width=600');return false;""><img src=""http://www.gstatic.com/images/icons/gplus-16.png"" alt=""Share on Google+""/></a> </div></p><p><a href=""http://tech.slashdot.org/story/14/12/17/052226/single-group-dominates-second-round-of-anti-net-neutrality-comment-submissions?utm_source=rss1.0moreanon&amp;utm_medium=feed"">Read more of this story</a> at Slashdot.</p><iframe src=""http://slashdot.org/slashdot-it.pl?op=discuss&amp;id=6421165&amp;smallembed=1"" style=""height: 300px; width: 100%; border: none;""></iframe><img width='1' height='1' src='http://slashdot.feedsportal.com/c/35028/f/647410/s/41842fee/sc/1/mf.gif' border='0'/><br clear='all'/><br/><br/><a href=""http://da.feedsportal.com/r/216364927798/u/49/f/647410/c/35028/s/41842fee/sc/1/rc/1/rc.htm"" rel=""nofollow""><img src=""http://da.feedsportal.com/r/216364927798/u/49/f/647410/c/35028/s/41842fee/sc/1/rc/1/rc.img"" border=""0""/></a><br/><a href=""http://da.feedsportal.com/r/216364927798/u/49/f/647410/c/35028/s/41842fee/sc/1/rc/2/rc.htm"" rel=""nofollow""><img src=""http://da.feedsportal.com/r/216364927798/u/49/f/647410/c/35028/s/41842fee/sc/1/rc/2/rc.img"" border=""0""/></a><br/><a href=""http://da.feedsportal.com/r/216364927798/u/49/f/647410/c/35028/s/41842fee/sc/1/rc/3/rc.htm"" rel=""nofollow""><img src=""http://da.feedsportal.com/r/216364927798/u/49/f/647410/c/35028/s/41842fee/sc/1/rc/3/rc.img"" border=""0""/></a><br/><br/><a href=""http://da.feedsportal.com/r/216364927798/u/49/f/647410/c/35028/s/41842fee/sc/1/a2.htm""><img src=""http://da.feedsportal.com/r/216364927798/u/49/f/647410/c/35028/s/41842fee/sc/1/a2.img"" border=""0""/></a><img width=""1"" height=""1"" src=""http://pi.feedsportal.com/r/216364927798/u/49/f/647410/c/35028/s/41842fee/sc/1/a2t.img"" border=""0""/><img src=""//feeds.feedburner.com/~r/Slashdot/slashdot/~4/8Hxr826txms"" height=""1"" width=""1"" alt=""""/>"
Sony Leaks Reveal Hollywood Is Trying To Break DNS,http://rss.slashdot.org/~r/Slashdot/slashdot/~3/jxU9egp47J0/story01.htm,"schwit1 sends this report from The Verge: Most anti-piracy tools take one of two paths: they either target the server that's sharing the files (pulling videos off YouTube or taking down sites like The Pirate Bay) or they make it harder to find (delisting offshore sites that share infringing content). But leaked documents reveal a frightening line of attack that's currently being considered by the MPAA: What if you simply erased any record that the site was there in the first place? To do that, the MPAA's lawyers would target the Domain Name System that directs traffic across the internet. The tactic was first proposed as part of the Stop Online Piracy Act (SOPA) in 2011, but three years after the law failed in Congress, the MPAA has been looking for legal justification for the practice in existing law and working with ISPs like Comcast to examine how a system might work technically. If a takedown notice could blacklist a site from every available DNS provider, the URL would be effectively erased from the internet. No one's ever tried to issue a takedown notice like that, but this latest memo suggests the MPAA is looking into it as a potentially powerful new tool in the fight against piracy.<p><div class=""share_submission"" style=""position:relative;""> <a class=""slashpop"" href=""http://twitter.com/home?status=Sony+Leaks+Reveal+Hollywood+Is+Trying+To+Break+DNS%3A+http%3A%2F%2Fbit.ly%2F1AoM4Ac""><img src=""http://a.fsdn.com/sd/twitter_icon_large.png""></a> <a class=""slashpop"" href=""http://www.facebook.com/sharer.php?u=http%3A%2F%2Fyro.slashdot.org%2Fstory%2F14%2F12%2F17%2F1410237%2Fsony-leaks-reveal-hollywood-is-trying-to-break-dns%3Futm_source%3Dslashdot%26utm_medium%3Dfacebook""><img src=""http://a.fsdn.com/sd/facebook_icon_large.png""></a> <a class=""nobg"" href=""http://plus.google.com/share?url=http://yro.slashdot.org/story/14/12/17/1410237/sony-leaks-reveal-hollywood-is-trying-to-break-dns?utm_source=slashdot&amp;utm_medium=googleplus"" onclick=""javascript:window.open(this.href,'', 'menubar=no,toolbar=no,resizable=yes,scrollbars=yes,height=600,width=600');return false;""><img src=""http://www.gstatic.com/images/icons/gplus-16.png"" alt=""Share on Google+""/></a> </div></p><p><a href=""http://yro.slashdot.org/story/14/12/17/1410237/sony-leaks-reveal-hollywood-is-trying-to-break-dns?utm_source=rss1.0moreanon&amp;utm_medium=feed"">Read more of this story</a> at Slashdot.</p><iframe src=""http://slashdot.org/slashdot-it.pl?op=discuss&amp;id=6426537&amp;smallembed=1"" style=""height: 300px; width: 100%; border: none;""></iframe><img width='1' height='1' src='http://slashdot.feedsportal.com/c/35028/f/647410/s/418ae7ac/sc/4/mf.gif' border='0'/><br clear='all'/><br/><br/><a href=""http://da.feedsportal.com/r/216442956295/u/49/f/647410/c/35028/s/418ae7ac/sc/4/rc/1/rc.htm"" rel=""nofollow""><img src=""http://da.feedsportal.com/r/216442956295/u/49/f/647410/c/35028/s/418ae7ac/sc/4/rc/1/rc.img"" border=""0""/></a><br/><a href=""http://da.feedsportal.com/r/216442956295/u/49/f/647410/c/35028/s/418ae7ac/sc/4/rc/2/rc.htm"" rel=""nofollow""><img src=""http://da.feedsportal.com/r/216442956295/u/49/f/647410/c/35028/s/418ae7ac/sc/4/rc/2/rc.img"" border=""0""/></a><br/><a href=""http://da.feedsportal.com/r/216442956295/u/49/f/647410/c/35028/s/418ae7ac/sc/4/rc/3/rc.htm"" rel=""nofollow""><img src=""http://da.feedsportal.com/r/216442956295/u/49/f/647410/c/35028/s/418ae7ac/sc/4/rc/3/rc.img"" border=""0""/></a><br/><br/><a href=""http://da.feedsportal.com/r/216442956295/u/49/f/647410/c/35028/s/418ae7ac/sc/4/a2.htm""><img src=""http://da.feedsportal.com/r/216442956295/u/49/f/647410/c/35028/s/418ae7ac/sc/4/a2.img"" border=""0""/></a><img width=""1"" height=""1"" src=""http://pi.feedsportal.com/r/216442956295/u/49/f/647410/c/35028/s/418ae7ac/sc/4/a2t.img"" border=""0""/><img src=""//feeds.feedburner.com/~r/Slashdot/slashdot/~4/jxU9egp47J0"" height=""1"" width=""1"" alt=""""/>"
SpaceX To Attempt Falcon 9 Landing On Autonomous Spaceport Drone Ship,http://rss.slashdot.org/~r/Slashdot/slashdot/~3/qVT4FViGglo/story01.htm,"An anonymous reader writes: SpaceX has announced that at the conclusion of its next rocket flight, it will attempt a precision landing of its Falcon 9 first stage onto an autonomous ocean platform. They say the odds of success aren't great, but it's the beginning of their work to make this a reality. Quoting: ""At 14 stories tall and traveling upwards of 1300 m/s (nearly 1 mi/s), stabilizing the Falcon 9 first stage for reentry is like trying to balance a rubber broomstick on your hand in the middle of a wind storm. To help stabilize the stage and to reduce its speed, SpaceX relights the engines for a series of three burns. The first burn&mdash;the boostback burn&mdash;adjusts the impact point of the vehicle and is followed by the supersonic retro propulsion burn that, along with the drag of the atmosphere, slows the vehicle's speed from 1300 m/s to about 250 m/s. The final burn is the landing burn, during which the legs deploy and the vehicle's speed is further reduced to around 2 m/s. ... To complicate matters further, the landing site is limited in size and not entirely stationary. The autonomous spaceport drone ship is 300 by 100 feet, with wings that extend its width to 170 feet. While that may sound huge at first, to a Falcon 9 first stage coming from space, it seems very small. The legspan of the Falcon 9 first stage is about 70 feet and while the ship is equipped with powerful thrusters to help it stay in place, it is not actually anchored, so finding the bullseye becomes particularly tricky.""<p><div class=""share_submission"" style=""position:relative;""> <a class=""slashpop"" href=""http://twitter.com/home?status=SpaceX+To+Attempt+Falcon+9+Landing+On+Autonomous+Spaceport+Drone+Ship%3A+http%3A%2F%2Fbit.ly%2F1GPpZwz""><img src=""http://a.fsdn.com/sd/twitter_icon_large.png""></a> <a class=""slashpop"" href=""http://www.facebook.com/sharer.php?u=http%3A%2F%2Fscience.slashdot.org%2Fstory%2F14%2F12%2F17%2F0530224%2Fspacex-to-attempt-falcon-9-landing-on-autonomous-spaceport-drone-ship%3Futm_source%3Dslashdot%26utm_medium%3Dfacebook""><img src=""http://a.fsdn.com/sd/facebook_icon_large.png""></a> <a class=""nobg"" href=""http://plus.google.com/share?url=http://science.slashdot.org/story/14/12/17/0530224/spacex-to-attempt-falcon-9-landing-on-autonomous-spaceport-drone-ship?utm_source=slashdot&amp;utm_medium=googleplus"" onclick=""javascript:window.open(this.href,'', 'menubar=no,toolbar=no,resizable=yes,scrollbars=yes,height=600,width=600');return false;""><img src=""http://www.gstatic.com/images/icons/gplus-16.png"" alt=""Share on Google+""/></a> </div></p><p><a href=""http://science.slashdot.org/story/14/12/17/0530224/spacex-to-attempt-falcon-9-landing-on-autonomous-spaceport-drone-ship?utm_source=rss1.0moreanon&amp;utm_medium=feed"">Read more of this story</a> at Slashdot.</p><iframe src=""http://slashdot.org/slashdot-it.pl?op=discuss&amp;id=6421413&amp;smallembed=1"" style=""height: 300px; width: 100%; border: none;""></iframe><img width='1' height='1' src='http://slashdot.feedsportal.com/c/35028/f/647410/s/418780dc/sc/23/mf.gif' border='0'/><br clear='all'/><br/><br/><a href=""http://da.feedsportal.com/r/216364944973/u/49/f/647410/c/35028/s/418780dc/sc/23/rc/1/rc.htm"" rel=""nofollow""><img src=""http://da.feedsportal.com/r/216364944973/u/49/f/647410/c/35028/s/418780dc/sc/23/rc/1/rc.img"" border=""0""/></a><br/><a href=""http://da.feedsportal.com/r/216364944973/u/49/f/647410/c/35028/s/418780dc/sc/23/rc/2/rc.htm"" rel=""nofollow""><img src=""http://da.feedsportal.com/r/216364944973/u/49/f/647410/c/35028/s/418780dc/sc/23/rc/2/rc.img"" border=""0""/></a><br/><a href=""http://da.feedsportal.com/r/216364944973/u/49/f/647410/c/35028/s/418780dc/sc/23/rc/3/rc.htm"" rel=""nofollow""><img src=""http://da.feedsportal.com/r/216364944973/u/49/f/647410/c/35028/s/418780dc/sc/23/rc/3/rc.img"" border=""0""/></a><br/><br/><a href=""http://da.feedsportal.com/r/216364944973/u/49/f/647410/c/35028/s/418780dc/sc/23/a2.htm""><img src=""http://da.feedsportal.com/r/216364944973/u/49/f/647410/c/35028/s/418780dc/sc/23/a2.img"" border=""0""/></a><img width=""1"" height=""1"" src=""http://pi.feedsportal.com/r/216364944973/u/49/f/647410/c/35028/s/418780dc/sc/23/a2t.img"" border=""0""/><img src=""//feeds.feedburner.com/~r/Slashdot/slashdot/~4/qVT4FViGglo"" height=""1"" width=""1"" alt=""""/>"
SpaceX to attempt rocket landing at sea (reuters),http://news.feedzilla.com/en_us/stories/science/411302917?client_source=api&format=json,"CAPE CANAVERAL, Fla. (Reuters) - Space Exploration Technologies will attempt
to land its Falcon 9 rocket on a sea platform following launch on Friday,
company officials said, a vital step to prove its precision landing
capabilities needed before it can gain a ground landing license.

"
Spacecraft Spots Probable Waves On Titan's Seas,http://rss.slashdot.org/~r/Slashdot/slashdot/~3/GgS3hlMzSd4/story01.htm,"sciencehabit writes: It's springtime on Titan, Saturn's giant and frigid moon, and the action on its hydrocarbon seas seems to be heating up. Near the moon's north pole, there is growing evidence for waves on three different seas, scientists reported at a meeting of the American Geophysical Union. Researchers are also coming up with the first estimates for the volume and composition of the seas. The bodies of water appear to be made mostly of methane, and not mostly ethane as previously thought. And they are deep: Ligeia Mare, the second biggest sea with an area larger than Lake Superior, could contain 55 times Earth's oil reserves.<p><div class=""share_submission"" style=""position:relative;""> <a class=""slashpop"" href=""http://twitter.com/home?status=Spacecraft+Spots+Probable+Waves+On+Titan's+Seas%3A+http%3A%2F%2Fbit.ly%2F1z2iOlF""><img src=""http://a.fsdn.com/sd/twitter_icon_large.png""></a> <a class=""slashpop"" href=""http://www.facebook.com/sharer.php?u=http%3A%2F%2Fscience.slashdot.org%2Fstory%2F14%2F12%2F17%2F0517242%2Fspacecraft-spots-probable-waves-on-titans-seas%3Futm_source%3Dslashdot%26utm_medium%3Dfacebook""><img src=""http://a.fsdn.com/sd/facebook_icon_large.png""></a> <a class=""nobg"" href=""http://plus.google.com/share?url=http://science.slashdot.org/story/14/12/17/0517242/spacecraft-spots-probable-waves-on-titans-seas?utm_source=slashdot&amp;utm_medium=googleplus"" onclick=""javascript:window.open(this.href,'', 'menubar=no,toolbar=no,resizable=yes,scrollbars=yes,height=600,width=600');return false;""><img src=""http://www.gstatic.com/images/icons/gplus-16.png"" alt=""Share on Google+""/></a> </div></p><p><a href=""http://science.slashdot.org/story/14/12/17/0517242/spacecraft-spots-probable-waves-on-titans-seas?utm_source=rss1.0moreanon&amp;utm_medium=feed"">Read more of this story</a> at Slashdot.</p><iframe src=""http://slashdot.org/slashdot-it.pl?op=discuss&amp;id=6421293&amp;smallembed=1"" style=""height: 300px; width: 100%; border: none;""></iframe><img width='1' height='1' src='http://slashdot.feedsportal.com/c/35028/f/647410/s/418503e6/sc/10/mf.gif' border='0'/><br clear='all'/><br/><br/><a href=""http://da.feedsportal.com/r/216364910578/u/49/f/647410/c/35028/s/418503e6/sc/10/rc/1/rc.htm"" rel=""nofollow""><img src=""http://da.feedsportal.com/r/216364910578/u/49/f/647410/c/35028/s/418503e6/sc/10/rc/1/rc.img"" border=""0""/></a><br/><a href=""http://da.feedsportal.com/r/216364910578/u/49/f/647410/c/35028/s/418503e6/sc/10/rc/2/rc.htm"" rel=""nofollow""><img src=""http://da.feedsportal.com/r/216364910578/u/49/f/647410/c/35028/s/418503e6/sc/10/rc/2/rc.img"" border=""0""/></a><br/><a href=""http://da.feedsportal.com/r/216364910578/u/49/f/647410/c/35028/s/418503e6/sc/10/rc/3/rc.htm"" rel=""nofollow""><img src=""http://da.feedsportal.com/r/216364910578/u/49/f/647410/c/35028/s/418503e6/sc/10/rc/3/rc.img"" border=""0""/></a><br/><br/><a href=""http://da.feedsportal.com/r/216364910578/u/49/f/647410/c/35028/s/418503e6/sc/10/a2.htm""><img src=""http://da.feedsportal.com/r/216364910578/u/49/f/647410/c/35028/s/418503e6/sc/10/a2.img"" border=""0""/></a><img width=""1"" height=""1"" src=""http://pi.feedsportal.com/r/216364910578/u/49/f/647410/c/35028/s/418503e6/sc/10/a2t.img"" border=""0""/><img src=""//feeds.feedburner.com/~r/Slashdot/slashdot/~4/GgS3hlMzSd4"" height=""1"" width=""1"" alt=""""/>"
Spying on Animals' Movements to Learn How They're Feeling (Discover Magazine),http://news.feedzilla.com/en_us/stories/science/411280496?client_source=api&format=json,"Rory Wilson recalls some nervous waterbirds. ""I've seen pelicans in Galapagos,
in the port,"" the Swansea University biologist says. One set of birds was
standing by the fish-gutting area and waiting for scraps, while another group
stood out of the fray in some nearby bushes. Although both sets of pelicans
acted the same, a closer look at the birds waiting for fish scraps revealed
that they were quaking slightly. The tips of their wings trembled. Wilson
thinks the tremor in the pelicans

"
Stunning Before and After Photographs Show the Impact of Global Warming on Greenland's Glaciers (Discover Magazine),http://news.feedzilla.com/en_us/stories/science/411250321?client_source=api&format=json,"I love NASA's Earth Observatory so much that I check in with it every day
knowing I'll be rewarded with a visual treat about the Earth. But I'm a
journalist, which means I have an urge to try to break news first. That
includes beating the folks at EO to big, visual, Earth and environmental
sciences stories (which I'm proud to say I've done from time to time). Today,
though, I just have to share the Earth Observatory's imagery as is. It
consists of the two photographs above of the Sukk

"
Surreal Aerial Photos Show Impact From Fracking (climateark),http://news.feedzilla.com/en_us/stories/science/411250267?client_source=api&format=json,"EcoWatch: Sometimes it takes a bird’s eye view to get a sense of the full
scope of what’s being done to our land in pursuit of profit. A few weeks ago
we ran some photos by artist Mishka Henner who creates projects that make
people think about how we interact with our environment. Those photos showed
industrial-scale feed lots, factory farms where thousands of animals are
raised, taken from the air. He discovered them while flying over the country
working on another project: aerial photos of oil drilling...

"
"Verizon ""End-to-End"" Encrypted Calling Includes Law Enforcement Backdoor",http://rss.slashdot.org/~r/Slashdot/slashdot/~3/67qpXdtZJaY/story01.htm,"An anonymous reader sends this quote from TechDirt: As a string of whistle blowers like former AT&amp;T employee Mark Klein have made clear abundantly clear, the line purportedly separating intelligence operations from the nation's incumbent phone companies was all-but obliterated long ago. As such, it's relatively amusing to see Verizon announce this week that the company is offering up a new encrypted wireless voice service named Voice Cypher. Voice Cypher, Verizon states, offers ""end-to-end"" encryption for voice calls on iOS, Android, or BlackBerry devices equipped with a special app made by Cellcrypt. Verizon says it's initially pitching the $45 per phone service to government agencies and corporations, but would ultimately love to offer it to consumers as a line item on your bill. Of course by ""end-to-end encryption,"" Verizon means that the new $45 per phone service includes an embedded NSA backdoor free of charge. Apparently, in Verizon-land, ""end-to-end encryption"" means something entirely different than it does in the real world.<p><div class=""share_submission"" style=""position:relative;""> <a class=""slashpop"" href=""http://twitter.com/home?status=Verizon+%22End-to-End%22+Encrypted+Calling+Includes+Law+Enforcement+Backdoor%3A+http%3A%2F%2Fbit.ly%2F1z0F9Qk""><img src=""http://a.fsdn.com/sd/twitter_icon_large.png""></a> <a class=""slashpop"" href=""http://www.facebook.com/sharer.php?u=http%3A%2F%2Fyro.slashdot.org%2Fstory%2F14%2F12%2F16%2F2230217%2Fverizon-end-to-end-encrypted-calling-includes-law-enforcement-backdoor%3Futm_source%3Dslashdot%26utm_medium%3Dfacebook""><img src=""http://a.fsdn.com/sd/facebook_icon_large.png""></a> <a class=""nobg"" href=""http://plus.google.com/share?url=http://yro.slashdot.org/story/14/12/16/2230217/verizon-end-to-end-encrypted-calling-includes-law-enforcement-backdoor?utm_source=slashdot&amp;utm_medium=googleplus"" onclick=""javascript:window.open(this.href,'', 'menubar=no,toolbar=no,resizable=yes,scrollbars=yes,height=600,width=600');return false;""><img src=""http://www.gstatic.com/images/icons/gplus-16.png"" alt=""Share on Google+""/></a> </div></p><p><a href=""http://yro.slashdot.org/story/14/12/16/2230217/verizon-end-to-end-encrypted-calling-includes-law-enforcement-backdoor?utm_source=rss1.0moreanon&amp;utm_medium=feed"">Read more of this story</a> at Slashdot.</p><iframe src=""http://slashdot.org/slashdot-it.pl?op=discuss&amp;id=6419297&amp;smallembed=1"" style=""height: 300px; width: 100%; border: none;""></iframe><img width='1' height='1' src='http://slashdot.feedsportal.com/c/35028/f/647410/s/4182bccf/sc/15/mf.gif' border='0'/><br clear='all'/><br/><br/><a href=""http://da.feedsportal.com/r/216364936261/u/49/f/647410/c/35028/s/4182bccf/sc/15/rc/1/rc.htm"" rel=""nofollow""><img src=""http://da.feedsportal.com/r/216364936261/u/49/f/647410/c/35028/s/4182bccf/sc/15/rc/1/rc.img"" border=""0""/></a><br/><a href=""http://da.feedsportal.com/r/216364936261/u/49/f/647410/c/35028/s/4182bccf/sc/15/rc/2/rc.htm"" rel=""nofollow""><img src=""http://da.feedsportal.com/r/216364936261/u/49/f/647410/c/35028/s/4182bccf/sc/15/rc/2/rc.img"" border=""0""/></a><br/><a href=""http://da.feedsportal.com/r/216364936261/u/49/f/647410/c/35028/s/4182bccf/sc/15/rc/3/rc.htm"" rel=""nofollow""><img src=""http://da.feedsportal.com/r/216364936261/u/49/f/647410/c/35028/s/4182bccf/sc/15/rc/3/rc.img"" border=""0""/></a><br/><br/><a href=""http://da.feedsportal.com/r/216364936261/u/49/f/647410/c/35028/s/4182bccf/sc/15/a2.htm""><img src=""http://da.feedsportal.com/r/216364936261/u/49/f/647410/c/35028/s/4182bccf/sc/15/a2.img"" border=""0""/></a><img width=""1"" height=""1"" src=""http://pi.feedsportal.com/r/216364936261/u/49/f/647410/c/35028/s/4182bccf/sc/15/a2t.img"" border=""0""/><img src=""//feeds.feedburner.com/~r/Slashdot/slashdot/~4/67qpXdtZJaY"" height=""1"" width=""1"" alt=""""/>"
Weak deal at Lima climate talks disappoints climate hawks (ecoearth.info),http://news.feedzilla.com/en_us/stories/science/411250330?client_source=api&format=json,"Grist: The U.N. climate summit kicked off two weeks ago with an unfamiliar
sense of optimism, invigorated by the recent agreement between the United
States and China. But it ended with an all-too-familiar sense of
disappointment. On early Sunday morning, delegates delivered a vague, four-
page document that does little more than set the terms for what the parties
will be battling over at the next big summit in Paris a year from now. After
two weeks huddled in sweaty, sweltering tents (yes, many a “greenhouse...

"
